{"KATL": {"KDFW": 729.82127, "KDEN": 1197.14651, "KORD": 606.66284, "KLAX": 1942.27023, "KJFK": 759.37474, "KCLT": 226.5318, "KLAS": 1742.84172, "KMCO": 404.34939, "KMIA": 595.93593, "KPHX": 1583.5701, "KSEA": 2177.89485, "KSFO": 2134.23786, "KEWR": 745.22169, "KIAH": 688.20845, "KBOS": 945.45103, "KMSP": 907.02807, "KFLL": 581.87851, "KLGA": 761.09849, "KDTW": 595.39722, "KPHL": 665.85793, "KSLC": 1586.79917, "KBWI": 576.34171, "KIAD": 533.77797, "KSAN": 1887.53152, "KDCA": 546.86542, "KTPA": 406.96873, "KBNA": 214.0211, "KAUS": 810.99209, "PHNL": 4494.95904, "LFPG": 4384.23136}, "KDFW": {"KATL": 729.82127, "KDEN": 641.31687, "KORD": 801.97094, "KLAX": 1232.28922, "KJFK": 1388.70204, "KCLT": 934.0508, "KLAS": 1053.10134, "KMCO": 983.26894, "KMIA": 1119.81729, "KPHX": 865.75584, "KSEA": 1657.91574, "KSFO": 1461.43047, "KEWR": 1369.99502, "KIAH": 224.70095, "KBOS": 1559.18963, "KMSP": 852.88158, "KFLL": 1117.8011, "KLGA": 1386.50453, "KDTW": 985.75635, "KPHL": 1300.4551, "KSLC": 987.64095, "KBWI": 1214.63858, "KIAD": 1169.71921, "KSAN": 1168.44746, "KDCA": 1189.89138, "KTPA": 927.51791, "KBNA": 630.16344, "KAUS": 190.0851, "PHNL": 3778.51411, "LFPG": 4936.215}, "KDEN": {"KATL": 1197.14651, "KDFW": 641.31687, "KORD": 886.09025, "KLAX": 860.68681, "KJFK": 1621.64571, "KCLT": 1334.83278, "KLAS": 627.19098, "KMCO": 1544.94592, "KMIA": 1707.96041, "KPHX": 601.54197, "KSEA": 1022.19796, "KSFO": 964.85091, "KEWR": 1600.90701, "KIAH": 862.15016, "KBOS": 1749.61682, "KMSP": 678.75731, "KFLL": 1701.95863, "KLGA": 1615.44909, "KDTW": 1119.89687, "KPHL": 1553.67288, "KSLC": 390.03512, "KBWI": 1487.28279, "KIAD": 1448.84935, "KSAN": 852.1027, "KDCA": 1472.14886, "KTPA": 1505.28393, "KBNA": 1011.33535, "KAUS": 776.0261, "PHNL": 3360.31601, "LFPG": 4867.14356}, "KORD": {"KATL": 606.66284, "KDFW": 801.97094, "KDEN": 886.09025, "KLAX": 1741.15662, "KJFK": 738.08787, "KCLT": 599.36225, "KLAS": 1510.98602, "KMCO": 1006.67441, "KMIA": 1199.27316, "KPHX": 1437.16182, "KSEA": 1716.07532, "KSFO": 1841.72394, "KEWR": 717.34525, "KIAH": 926.24945, "KBOS": 864.37723, "KMSP": 333.67389, "KFLL": 1183.95822, "KLGA": 731.38917, "KDTW": 233.87738, "KPHL": 676.25393, "KSLC": 1246.69543, "KBWI": 620.11101, "KIAD": 587.44803, "KSAN": 1720.00003, "KDCA": 610.572, "KTPA": 1013.61608, "KBNA": 409.7856, "KAUS": 977.96769, "PHNL": 4237.24739, "LFPG": 4140.95268}, "KLAX": {"KATL": 1942.27023, "KDFW": 1232.28922, "KDEN": 860.68681, "KORD": 1741.15662, "KJFK": 2469.45484, "KCLT": 2120.45343, "KLAS": 236.11783, "KMCO": 2213.52284, "KMIA": 2337.99187, "KPHX": 369.65925, "KSEA": 954.99276, "KSFO": 337.52265, "KEWR": 2448.83373, "KIAH": 1376.38479, "KBOS": 2605.43117, "KMSP": 1533.10769, "KFLL": 2338.36177, "KLGA": 2463.94151, "KDTW": 1974.74411, "KPHL": 2396.20638, "KSLC": 589.67858, "KBWI": 2323.87768, "KIAD": 2282.93973, "KSAN": -1.0, "KDCA": 2305.84881, "KTPA": 2153.94085, "KBNA": 1793.47815, "KAUS": 1239.61821, "PHNL": 2552.73586, "LFPG": 5656.04284}, "KJFK": {"KATL": 759.37474, "KDFW": 1388.70204, "KDEN": 1621.64571, "KORD": 738.08787, "KLAX": 2469.45484, "KCLT": 540.92254, "KLAS": 2242.70736, "KMCO": 945.34839, "KMIA": 1091.82623, "KPHX": 2148.4302, "KSEA": 2415.04825, "KSFO": 2579.80403, "KEWR": -1.0, "KIAH": 1415.42049, "KBOS": 186.52223, "KMSP": 1026.05553, "KFLL": 1070.80383, "KLGA": -1.0, "KDTW": 507.48882, "KPHL": -1.0, "KSLC": 1984.54388, "KBWI": 183.52905, "KIAD": 227.62097, "KSAN": 2440.77286, "KDCA": 212.64484, "KTPA": 1006.3272, "KBNA": 764.1393, "KAUS": 1519.03643, "PHNL": 4975.16868, "LFPG": 3624.86703}, "KCLT": {"KATL": 226.5318, "KDFW": 934.0508, "KDEN": 1334.83278, "KORD": 599.36225, "KLAX": 2120.45343, "KJFK": 540.92254, "KLAS": 1911.70567, "KMCO": 469.262, "KMIA": 652.06803, "KPHX": 1769.54736, "KSEA": 2274.47382, "KSFO": 2290.98079, "KEWR": 528.34422, "KIAH": 911.48864, "KBOS": 727.42485, "KMSP": 929.61811, "KFLL": 633.34831, "KLGA": 543.65573, "KDTW": 500.63708, "KPHL": 448.30331, "KSLC": 1723.51626, "KBWI": 360.83589, "KIAD": 321.47993, "KSAN": 2072.50957, "KDCA": 330.96556, "KTPA": 508.78789, "KBNA": 327.95436, "KAUS": 1030.36073, "PHNL": 4670.55615, "LFPG": 4163.86607}, "KLAS": {"KATL": 1742.84172, "KDFW": 1053.10134, "KDEN": 627.19098, "KORD": 1510.98602, "KLAX": 236.11783, "KJFK": 2242.70736, "KCLT": 1911.70567, "KMCO": 2035.67267, "KMIA": 2171.16963, "KPHX": 255.48118, "KSEA": 866.8819, "KSFO": 413.14502, "KEWR": 2222.0264, "KIAH": 1219.62239, "KBOS": 2375.30091, "KMSP": 1297.27934, "KFLL": 2169.89374, "KLGA": 2236.92617, "KDTW": 1744.82498, "KPHL": 2171.33133, "KSLC": 367.6096, "KBWI": 2100.93359, "KIAD": 2060.74785, "KSAN": 258.74811, "KDCA": 2083.81866, "KTPA": 1980.5933, "KBNA": 1583.79155, "KAUS": 1088.42702, "PHNL": 2759.19322, "LFPG": 5428.86033}, "KMCO": {"KATL": 404.34939, "KDFW": 983.26894, "KDEN": 1544.94592, "KORD": 1006.67441, "KLAX": 2213.52284, "KJFK": 945.34839, "KCLT": 469.262, "KLAS": 2035.67267, "KMIA": 192.60865, "KPHX": 1844.93294, "KSEA": 2550.53761, "KSFO": 2441.46179, "KEWR": 938.81977, "KIAH": 852.52273, "KBOS": 1122.1823, "KMSP": 1311.36683, "KFLL": 177.65114, "KLGA": 951.29343, "KDTW": 959.17927, "KPHL": 862.8096, "KSLC": 1928.32904, "KBWI": 788.51973, "KIAD": 759.3308, "KSAN": 2144.70379, "KDCA": 760.63826, "KTPA": -1.0, "KBNA": 617.02217, "KAUS": 991.87837, "PHNL": 4748.91159, "LFPG": 4497.82696}, "KMIA": {"KATL": 595.93593, "KDFW": 1119.81729, "KDEN": 1707.96041, "KORD": 1199.27316, "KLAX": 2337.99187, "KJFK": 1091.82623, "KCLT": 652.06803, "KLAS": 2171.16963, "KMCO": 192.60865, "KPHX": 1968.33328, "KSEA": 2721.27536, "KSFO": 2580.99523, "KEWR": 1087.77164, "KIAH": 962.75733, "KBOS": 1260.31752, "KMSP": 1502.52433, "KFLL": -1.0, "KLGA": 1098.82029, "KDTW": 1147.72423, "KPHL": 1015.47135, "KSLC": 2086.25018, "KBWI": 948.17845, "KIAD": 923.46015, "KSAN": 2263.37956, "KDCA": 921.86884, "KTPA": 204.52542, "KBNA": 807.42476, "KAUS": 1101.29767, "PHNL": 4854.16219, "LFPG": 4580.42682}, "KPHX": {"KATL": 1583.5701, "KDFW": 865.75584, "KDEN": 601.54197, "KORD": 1437.16182, "KLAX": 369.65925, "KJFK": 2148.4302, "KCLT": 1769.54736, "KLAS": 255.48118, "KMCO": 1844.93294, "KMIA": 1968.33328, "KSEA": 1107.26703, "KSFO": 650.25176, "KEWR": 2128.07908, "KIAH": 1006.8869, "KBOS": 2294.86558, "KMSP": 1274.5725, "KFLL": 1968.73014, "KLGA": 2143.71077, "KDTW": 1667.41035, "KPHL": 2070.57345, "KSLC": 507.86957, "KBWI": 1994.0888, "KIAD": 1951.73306, "KSAN": 303.96967, "KDCA": 1974.1928, "KTPA": 1784.70036, "KBNA": 1445.15755, "KAUS": 870.53142, "PHNL": 2913.67661, "LFPG": 5467.87012}, "KSEA": {"KATL": 2177.89485, "KDFW": 1657.91574, "KDEN": 1022.19796, "KORD": 1716.07532, "KLAX": 954.99276, "KJFK": 2415.04825, "KCLT": 2274.47382, "KLAS": 866.8819, "KMCO": 2550.53761, "KMIA": 2721.27536, "KPHX": 1107.26703, "KSFO": 679.19668, "KEWR": 2395.27387, "KIAH": 1872.44579, "KBOS": 2488.91132, "KMSP": 1394.86128, "KFLL": 2713.90948, "KLGA": 2406.2881, "KDTW": 1921.90851, "KPHL": 2372.1835, "KSLC": 687.74775, "KBWI": 2328.98761, "KIAD": 2300.08822, "KSAN": 1051.51526, "KDCA": 2322.77752, "KTPA": 2517.15842, "KBNA": 1973.6978, "KAUS": 1769.42627, "PHNL": 2676.81514, "LFPG": 5001.52013}, "KSFO": {"KATL": 2134.23786, "KDFW": 1461.43047, "KDEN": 964.85091, "KORD": 1841.72394, "KLAX": 337.52265, "KJFK": 2579.80403, "KCLT": 2290.98079, "KLAS": 413.14502, "KMCO": 2441.46179, "KMIA": 2580.99523, "KPHX": 650.25176, "KSEA": 679.19668, "KEWR": 2559.0591, "KIAH": 1632.4603, "KBOS": 2697.52631, "KMSP": 1585.36137, "KFLL": 2579.20684, "KLGA": 2573.10326, "KDTW": 2073.73321, "KPHL": 2515.15789, "KSLC": 597.5611, "KBWI": 2450.91044, "KIAD": 2413.03729, "KSAN": 446.69678, "KDCA": 2436.36813, "KTPA": 2388.44776, "KBNA": 1963.88924, "KAUS": 1501.57101, "PHNL": 2396.56174, "LFPG": 5568.86715}, "KEWR": {"KATL": 745.22169, "KDFW": 1369.99502, "KDEN": 1600.90701, "KORD": 717.34525, "KLAX": 2448.83373, "KJFK": -1.0, "KCLT": 528.34422, "KLAS": 2222.0264, "KMCO": 938.81977, "KMIA": 1087.77164, "KPHX": 2128.07908, "KSEA": 2395.27387, "KSFO": 2559.0591, "KIAH": 1398.42587, "KBOS": 200.27207,